Country Code (ISO),Country Name,Zone,0.5 kg,1.0 kg,1.5 kg,2.0 kg,2.5 kg,3.0 kg,3.5 kg,4.0 kg,4.5 kg,5.0 kg,5.5 kg,6.0 kg,6.5 kg,7.0 kg,7.5 kg,8.0 kg,8.5 kg,9.0 kg,9.5 kg,10.0 kg,10.5 kg,11.0 kg,11.5 kg,12.0 kg,12.5 kg,13.0 kg,13.5 kg,14.0 kg,14.5 kg,15.0 kg,15.5 kg,16.0 kg,16.5 kg,17.0 kg,17.5 kg,18.0 kg,18.5 kg,19.0 kg,19.5 kg,20.0 kg,20.5 kg,21.0 kg,21.5 kg,22.0 kg,22.5 kg,23.0 kg,23.5 kg,24.0 kg,24.5 kg,25.0 kg,25.5 kg,26.0 kg,26.5 kg,27.0 kg,27.5 kg,28.0 kg,28.5 kg,29.0 kg,29.5 kg,30.0 kg,30.5 kg,31.0 kg,31.5 kg,32.0 kg,32.5 kg,33.0 kg,33.5 kg,34.0 kg,34.5 kg,35.0 kg,35.5 kg,36.0 kg,36.5 kg,37.0 kg,37.5 kg,38.0 kg,38.5 kg,39.0 kg,39.5 kg,40.0 kg,40.5 kg,41.0 kg,41.5 kg,42.0 kg,42.5 kg,43.0 kg,43.5 kg,44.0 kg,44.5 kg,45.0 kg,45.5 kg,46.0 kg,46.5 kg,47.0 kg,47.5 kg,48.0 kg,48.5 kg,49.0 kg,49.5 kg,50.0 kg,50.5 kg,51.0 kg,51.5 kg,52.0 kg,52.5 kg,53.0 kg,53.5 kg,54.0 kg,54.5 kg,55.0 kg,55.5 kg,56.0 kg,56.5 kg,57.0 kg,57.5 kg,58.0 kg,58.5 kg,59.0 kg,59.5 kg,60.0 kg,60.5 kg,61.0 kg,61.5 kg,62.0 kg,62.5 kg,63.0 kg,63.5 kg,64.0 kg,64.5 kg,65.0 kg,65.5 kg,66.0 kg,66.5 kg,67.0 kg,67.5 kg,68.0 kg,68.5 kg,69.0 kg,69.5 kg,70.0 kg
AD,Andorra,Zone 6,11.40,11.40,11.40,11.40,11.40,11.40,11.40,11.40,11.40,11.40,11.40,11.40,11.40,11.40,11.40,11.40,11.40,11.40,11.40,11.40,12.69,12.69,12.84,12.84,13.00,13.00,13.15,13.15,13.31,13.31,17.14,17.14,17.34,17.34,17.53,17.53,17.72,17.72,17.92,17.92,18.20,18.20,18.39,18.39,18.63,18.63,18.81,18.81,19.01,19.01,19.20,19.20,19.41,19.41,19.60,19.60,19.79,19.79,20.00,20.00,20.20,20.20,20.39,20.39,20.63,20.63,20.88,20.88,21.18,21.18,22.30,22.30,22.30,22.30,22.30,22.30,22.30,22.30,22.30,22.30,23.42,23.42,23.42,23.42,23.42,23.42,23.42,23.42,23.42,23.42,24.55,24.55,24.55,24.55,24.55,24.55,24.55,24.55,24.55,24.55,25.66,25.66,25.66,25.66,25.66,25.66,25.66,25.66,25.66,25.66,26.81,26.81,26.81,26.81,26.81,26.81,26.81,26.81,26.81,26.81,27.92,27.92,27.92,27.92,27.92,27.92,27.92,27.92,27.92,27.92,29.05,29.05,29.05,29.05,29.05,29.05,29.05,29.05,29.05,29.05
AT,Austria,Zone 705,7.42,7.42,7.42,7.42,7.42,7.42,7.42,7.42,7.42,7.42,8.80,8.80,8.96,8.96,9.10,9.10,9.25,9.25,9.40,9.40,11.03,11.03,11.21,11.21,11.39,11.39,11.55,11.55,11.73,11.73,13.37,13.37,13.56,13.56,13.77,13.77,13.95,13.95,14.14,14.14,15.78,15.78,16.00,16.00,16.23,16.23,16.44,16.44,16.66,16.66,16.90,16.90,17.11,17.11,17.34,17.34,17.55,17.55,17.77,17.77,17.99,17.99,18.22,18.22,18.46,18.46,18.67,18.67,18.88,18.88,19.81,19.81,19.81,19.81,19.81,19.81,19.81,19.81,19.81,19.81,20.75,20.75,20.75,20.75,20.75,20.75,20.75,20.75,20.75,20.75,21.69,21.69,21.69,21.69,21.69,21.69,21.69,21.69,21.69,21.69,22.62,22.62,22.62,22.62,22.62,22.62,22.62,22.62,22.62,22.62,23.55,23.55,23.55,23.55,23.55,23.55,23.55,23.55,23.55,23.55,24.50,24.50,24.50,24.50,24.50,24.50,24.50,24.50,24.50,24.50,25.43,25.43,25.43,25.43,25.43,25.43,25.43,25.43,25.43,25.43
BE,Belgium,Zone 703,6.58,6.58,6.58,6.58,6.58,6.58,6.58,6.58,6.58,6.58,7.34,7.34,7.45,7.45,7.56,7.56,7.69,7.69,7.79,7.79,8.75,8.75,8.90,8.90,9.05,9.05,9.21,9.21,9.37,9.37,10.34,10.34,10.50,10.50,10.66,10.66,10.84,10.84,11.01,11.01,12.01,12.01,12.21,12.21,12.40,12.40,12.57,12.57,12.77,12.77,12.95,12.95,13.15,13.15,13.34,13.34,13.53,13.53,13.71,13.71,13.91,13.91,14.09,14.09,14.28,14.28,14.47,14.47,14.66,14.66,15.27,15.27,15.27,15.27,15.27,15.27,15.27,15.27,15.27,15.27,15.86,15.86,15.86,15.86,15.86,15.86,15.86,15.86,15.86,15.86,16.44,16.44,16.44,16.44,16.44,16.44,16.44,16.44,16.44,16.44,17.06,17.06,17.06,17.06,17.06,17.06,17.06,17.06,17.06,17.06,17.65,17.65,17.65,17.65,17.65,17.65,17.65,17.65,17.65,17.65,18.24,18.24,18.24,18.24,18.24,18.24,18.24,18.24,18.24,18.24,18.84,18.84,18.84,18.84,18.84,18.84,18.84,18.84,18.84,18.84
BG,Bulgaria,Zone 751,9.25,9.25,9.25,9.25,9.25,9.25,9.25,9.25,9.25,9.25,9.55,9.55,9.79,9.79,10.04,10.04,10.28,10.28,10.55,10.55,12.38,12.38,12.60,12.60,12.80,12.80,13.01,13.01,13.21,13.21,15.08,15.08,15.32,15.32,15.54,15.54,15.78,15.78,16.03,16.03,17.86,17.86,18.12,18.12,18.38,18.38,18.64,18.64,18.88,18.88,19.15,19.15,19.42,19.42,19.67,19.67,19.93,19.93,20.17,20.17,20.44,20.44,20.69,20.69,20.96,20.96,21.20,21.20,21.47,21.47,22.52,22.52,22.52,22.52,22.52,22.52,22.52,22.52,22.52,22.52,23.58,23.58,23.58,23.58,23.58,23.58,23.58,23.58,23.58,23.58,24.62,24.62,24.62,24.62,24.62,24.62,24.62,24.62,24.62,24.62,25.66,25.66,25.66,25.66,25.66,25.66,25.66,25.66,25.66,25.66,26.72,26.72,26.72,26.72,26.72,26.72,26.72,26.72,26.72,26.72,27.77,27.77,27.77,27.77,27.77,27.77,27.77,27.77,27.77,27.77,28.84,28.84,28.84,28.84,28.84,28.84,28.84,28.84,28.84,28.84
GG,Channel Islands (Guernsey),Zone 6,11.40,11.40,11.40,11.40,11.40,11.40,11.40,11.40,11.40,11.40,11.40,11.40,11.40,11.40,11.40,11.40,11.40,11.40,11.40,11.40,12.69,12.69,12.84,12.84,13.00,13.00,13.15,13.15,13.31,13.31,17.14,17.14,17.34,17.34,17.53,17.53,17.72,17.72,17.92,17.92,18.20,18.20,18.39,18.39,18.63,18.63,18.81,18.81,19.01,19.01,19.20,19.20,19.41,19.41,19.60,19.60,19.79,19.79,20.00,20.00,20.20,20.20,20.39,20.39,20.63,20.63,20.88,20.88,21.18,21.18,22.30,22.30,22.30,22.30,22.30,22.30,22.30,22.30,22.30,22.30,23.42,23.42,23.42,23.42,23.42,23.42,23.42,23.42,23.42,23.42,24.55,24.55,24.55,24.55,24.55,24.55,24.55,24.55,24.55,24.55,25.66,25.66,25.66,25.66,25.66,25.66,25.66,25.66,25.66,25.66,26.81,26.81,26.81,26.81,26.81,26.81,26.81,26.81,26.81,26.81,27.92,27.92,27.92,27.92,27.92,27.92,27.92,27.92,27.92,27.92,29.05,29.05,29.05,29.05,29.05,29.05,29.05,29.05,29.05,29.05
JE,Channel Islands (Jersey),Zone 6,11.40,11.40,11.40,11.40,11.40,11.40,11.40,11.40,11.40,11.40,11.40,11.40,11.40,11.40,11.40,11.40,11.40,11.40,11.40,11.40,12.69,12.69,12.84,12.84,13.00,13.00,13.15,13.15,13.31,13.31,17.14,17.14,17.34,17.34,17.53,17.53,17.72,17.72,17.92,17.92,18.20,18.20,18.39,18.39,18.63,18.63,18.81,18.81,19.01,19.01,19.20,19.20,19.41,19.41,19.60,19.60,19.79,19.79,20.00,20.00,20.20,20.20,20.39,20.39,20.63,20.63,20.88,20.88,21.18,21.18,22.30,22.30,22.30,22.30,22.30,22.30,22.30,22.30,22.30,22.30,23.42,23.42,23.42,23.42,23.42,23.42,23.42,23.42,23.42,23.42,24.55,24.55,24.55,24.55,24.55,24.55,24.55,24.55,24.55,24.55,25.66,25.66,25.66,25.66,25.66,25.66,25.66,25.66,25.66,25.66,26.81,26.81,26.81,26.81,26.81,26.81,26.81,26.81,26.81,26.81,27.92,27.92,27.92,27.92,27.92,27.92,27.92,27.92,27.92,27.92,29.05,29.05,29.05,29.05,29.05,29.05,29.05,29.05,29.05,29.05
HR,Croatia,Zone 751,9.25,9.25,9.25,9.25,9.25,9.25,9.25,9.25,9.25,9.25,9.55,9.55,9.79,9.79,10.04,10.04,10.28,10.28,10.55,10.55,12.38,12.38,12.60,12.60,12.80,12.80,13.01,13.01,13.21,13.21,15.08,15.08,15.32,15.32,15.54,15.54,15.78,15.78,16.03,16.03,17.86,17.86,18.12,18.12,18.38,18.38,18.64,18.64,18.88,18.88,19.15,19.15,19.42,19.42,19.67,19.67,19.93,19.93,20.17,20.17,20.44,20.44,20.69,20.69,20.96,20.96,21.20,21.20,21.47,21.47,22.52,22.52,22.52,22.52,22.52,22.52,22.52,22.52,22.52,22.52,23.58,23.58,23.58,23.58,23.58,23.58,23.58,23.58,23.58,23.58,24.62,24.62,24.62,24.62,24.62,24.62,24.62,24.62,24.62,24.62,25.66,25.66,25.66,25.66,25.66,25.66,25.66,25.66,25.66,25.66,26.72,26.72,26.72,26.72,26.72,26.72,26.72,26.72,26.72,26.72,27.77,27.77,27.77,27.77,27.77,27.77,27.77,27.77,27.77,27.77,28.84,28.84,28.84,28.84,28.84,28.84,28.84,28.84,28.84,28.84
CZ,Czech Republic,Zone 705,7.42,7.42,7.42,7.42,7.42,7.42,7.42,7.42,7.42,7.42,8.80,8.80,8.96,8.96,9.10,9.10,9.25,9.25,9.40,9.40,11.03,11.03,11.21,11.21,11.39,11.39,11.55,11.55,11.73,11.73,13.37,13.37,13.56,13.56,13.77,13.77,13.95,13.95,14.14,14.14,15.78,15.78,16.00,16.00,16.23,16.23,16.44,16.44,16.66,16.66,16.90,16.90,17.11,17.11,17.34,17.34,17.55,17.55,17.77,17.77,17.99,17.99,18.22,18.22,18.46,18.46,18.67,18.67,18.88,18.88,19.81,19.81,19.81,19.81,19.81,19.81,19.81,19.81,19.81,19.81,20.75,20.75,20.75,20.75,20.75,20.75,20.75,20.75,20.75,20.75,21.69,21.69,21.69,21.69,21.69,21.69,21.69,21.69,21.69,21.69,22.62,22.62,22.62,22.62,22.62,22.62,22.62,22.62,22.62,22.62,23.55,23.55,23.55,23.55,23.55,23.55,23.55,23.55,23.55,23.55,24.50,24.50,24.50,24.50,24.50,24.50,24.50,24.50,24.50,24.50,25.43,25.43,25.43,25.43,25.43,25.43,25.43,25.43,25.43,25.43
DK,Denmark,Zone 705,7.42,7.42,7.42,7.42,7.42,7.42,7.42,7.42,7.42,7.42,8.80,8.80,8.96,8.96,9.10,9.10,9.25,9.25,9.40,9.40,11.03,11.03,11.21,11.21,11.39,11.39,11.55,11.55,11.73,11.73,13.37,13.37,13.56,13.56,13.77,13.77,13.95,13.95,14.14,14.14,15.78,15.78,16.00,16.00,16.23,16.23,16.44,16.44,16.66,16.66,16.90,16.90,17.11,17.11,17.34,17.34,17.55,17.55,17.77,17.77,17.99,17.99,18.22,18.22,18.46,18.46,18.67,18.67,18.88,18.88,19.81,19.81,19.81,19.81,19.81,19.81,19.81,19.81,19.81,19.81,20.75,20.75,20.75,20.75,20.75,20.75,20.75,20.75,20.75,20.75,21.69,21.69,21.69,21.69,21.69,21.69,21.69,21.69,21.69,21.69,22.62,22.62,22.62,22.62,22.62,22.62,22.62,22.62,22.62,22.62,23.55,23.55,23.55,23.55,23.55,23.55,23.55,23.55,23.55,23.55,24.50,24.50,24.50,24.50,24.50,24.50,24.50,24.50,24.50,24.50,25.43,25.43,25.43,25.43,25.43,25.43,25.43,25.43,25.43,25.43
EE,Estonia,Zone 751,9.25,9.25,9.25,9.25,9.25,9.25,9.25,9.25,9.25,9.25,9.55,9.55,9.79,9.79,10.04,10.04,10.28,10.28,10.55,10.55,12.38,12.38,12.60,12.60,12.80,12.80,13.01,13.01,13.21,13.21,15.08,15.08,15.32,15.32,15.54,15.54,15.78,15.78,16.03,16.03,17.86,17.86,18.12,18.12,18.38,18.38,18.64,18.64,18.88,18.88,19.15,19.15,19.42,19.42,19.67,19.67,19.93,19.93,20.17,20.17,20.44,20.44,20.69,20.69,20.96,20.96,21.20,21.20,21.47,21.47,22.52,22.52,22.52,22.52,22.52,22.52,22.52,22.52,22.52,22.52,23.58,23.58,23.58,23.58,23.58,23.58,23.58,23.58,23.58,23.58,24.62,24.62,24.62,24.62,24.62,24.62,24.62,24.62,24.62,24.62,25.66,25.66,25.66,25.66,25.66,25.66,25.66,25.66,25.66,25.66,26.72,26.72,26.72,26.72,26.72,26.72,26.72,26.72,26.72,26.72,27.77,27.77,27.77,27.77,27.77,27.77,27.77,27.77,27.77,27.77,28.84,28.84,28.84,28.84,28.84,28.84,28.84,28.84,28.84,28.84
FO,Faeroe Islands (Denmark),Zone 5,,,,,,,,,,,,,,,,,,,,,,,,,,,,,,,,,,,,,,,,,,,,,,,,,,,,,,,,,,,,,,,,,,,,,,,,,,,,,,,,,,,,,,,,,,,,,,,,,,,,,,,,,,,,,,,,,,,,,,,,,,,,,,,,,,,,,,,,,,,,
FI,Finland,Zone 705,7.42,7.42,7.42,7.42,7.42,7.42,7.42,7.42,7.42,7.42,8.80,8.80,8.96,8.96,9.10,9.10,9.25,9.25,9.40,9.40,11.03,11.03,11.21,11.21,11.39,11.39,11.55,11.55,11.73,11.73,13.37,13.37,13.56,13.56,13.77,13.77,13.95,13.95,14.14,14.14,15.78,15.78,16.00,16.00,16.23,16.23,16.44,16.44,16.66,16.66,16.90,16.90,17.11,17.11,17.34,17.34,17.55,17.55,17.77,17.77,17.99,17.99,18.22,18.22,18.46,18.46,18.67,18.67,18.88,18.88,19.81,19.81,19.81,19.81,19.81,19.81,19.81,19.81,19.81,19.81,20.75,20.75,20.75,20.75,20.75,20.75,20.75,20.75,20.75,20.75,21.69,21.69,21.69,21.69,21.69,21.69,21.69,21.69,21.69,21.69,22.62,22.62,22.62,22.62,22.62,22.62,22.62,22.62,22.62,22.62,23.55,23.55,23.55,23.55,23.55,23.55,23.55,23.55,23.55,23.55,24.50,24.50,24.50,24.50,24.50,24.50,24.50,24.50,24.50,24.50,25.43,25.43,25.43,25.43,25.43,25.43,25.43,25.43,25.43,25.43
FR,France,Zone 704,7.13,7.13,7.13,7.13,7.13,7.13,7.13,7.13,7.13,7.13,7.97,7.97,8.21,8.21,8.47,8.47,8.72,8.72,8.98,8.98,10.72,10.72,10.84,10.84,10.98,10.98,11.12,11.12,11.27,11.27,12.98,12.98,13.15,13.15,13.30,13.30,13.46,13.46,13.62,13.62,15.38,15.38,15.56,15.56,15.74,15.74,15.92,15.92,16.11,16.11,16.26,16.26,16.46,16.46,16.63,16.63,16.82,16.82,16.99,16.99,17.17,17.17,17.35,17.35,17.52,17.52,17.69,17.69,17.88,17.88,18.62,18.62,18.62,18.62,18.62,18.62,18.62,18.62,18.62,18.62,19.39,19.39,19.39,19.39,19.39,19.39,19.39,19.39,19.39,19.39,20.13,20.13,20.13,20.13,20.13,20.13,20.13,20.13,20.13,20.13,20.89,20.89,20.89,20.89,20.89,20.89,20.89,20.89,20.89,20.89,21.64,21.64,21.64,21.64,21.64,21.64,21.64,21.64,21.64,21.64,22.39,22.39,22.39,22.39,22.39,22.39,22.39,22.39,22.39,22.39,23.14,23.14,23.14,23.14,23.14,23.14,23.14,23.14,23.14,23.14
DE,Germany,Zone 704,7.13,7.13,7.13,7.13,7.13,7.13,7.13,7.13,7.13,7.13,7.97,7.97,8.21,8.21,8.47,8.47,8.72,8.72,8.98,8.98,10.72,10.72,10.84,10.84,10.98,10.98,11.12,11.12,11.27,11.27,12.98,12.98,13.15,13.15,13.30,13.30,13.46,13.46,13.62,13.62,15.38,15.38,15.56,15.56,15.74,15.74,15.92,15.92,16.11,16.11,16.26,16.26,16.46,16.46,16.63,16.63,16.82,16.82,16.99,16.99,17.17,17.17,17.35,17.35,17.52,17.52,17.69,17.69,17.88,17.88,18.62,18.62,18.62,18.62,18.62,18.62,18.62,18.62,18.62,18.62,19.39,19.39,19.39,19.39,19.39,19.39,19.39,19.39,19.39,19.39,20.13,20.13,20.13,20.13,20.13,20.13,20.13,20.13,20.13,20.13,20.89,20.89,20.89,20.89,20.89,20.89,20.89,20.89,20.89,20.89,21.64,21.64,21.64,21.64,21.64,21.64,21.64,21.64,21.64,21.64,22.39,22.39,22.39,22.39,22.39,22.39,22.39,22.39,22.39,22.39,23.14,23.14,23.14,23.14,23.14,23.14,23.14,23.14,23.14,23.14
GR,Greece,Zone 751,9.25,9.25,9.25,9.25,9.25,9.25,9.25,9.25,9.25,9.25,9.55,9.55,9.79,9.79,10.04,10.04,10.28,10.28,10.55,10.55,12.38,12.38,12.60,12.60,12.80,12.80,13.01,13.01,13.21,13.21,15.08,15.08,15.32,15.32,15.54,15.54,15.78,15.78,16.03,16.03,17.86,17.86,18.12,18.12,18.38,18.38,18.64,18.64,18.88,18.88,19.15,19.15,19.42,19.42,19.67,19.67,19.93,19.93,20.17,20.17,20.44,20.44,20.69,20.69,20.96,20.96,21.20,21.20,21.47,21.47,22.52,22.52,22.52,22.52,22.52,22.52,22.52,22.52,22.52,22.52,23.58,23.58,23.58,23.58,23.58,23.58,23.58,23.58,23.58,23.58,24.62,24.62,24.62,24.62,24.62,24.62,24.62,24.62,24.62,24.62,25.66,25.66,25.66,25.66,25.66,25.66,25.66,25.66,25.66,25.66,26.72,26.72,26.72,26.72,26.72,26.72,26.72,26.72,26.72,26.72,27.77,27.77,27.77,27.77,27.77,27.77,27.77,27.77,27.77,27.77,28.84,28.84,28.84,28.84,28.84,28.84,28.84,28.84,28.84,28.84
HU,Hungary,Zone 705,7.42,7.42,7.42,7.42,7.42,7.42,7.42,7.42,7.42,7.42,8.80,8.80,8.96,8.96,9.10,9.10,9.25,9.25,9.40,9.40,11.03,11.03,11.21,11.21,11.39,11.39,11.55,11.55,11.73,11.73,13.37,13.37,13.56,13.56,13.77,13.77,13.95,13.95,14.14,14.14,15.78,15.78,16.00,16.00,16.23,16.23,16.44,16.44,16.66,16.66,16.90,16.90,17.11,17.11,17.34,17.34,17.55,17.55,17.77,17.77,17.99,17.99,18.22,18.22,18.46,18.46,18.67,18.67,18.88,18.88,19.81,19.81,19.81,19.81,19.81,19.81,19.81,19.81,19.81,19.81,20.75,20.75,20.75,20.75,20.75,20.75,20.75,20.75,20.75,20.75,21.69,21.69,21.69,21.69,21.69,21.69,21.69,21.69,21.69,21.69,22.62,22.62,22.62,22.62,22.62,22.62,22.62,22.62,22.62,22.62,23.55,23.55,23.55,23.55,23.55,23.55,23.55,23.55,23.55,23.55,24.50,24.50,24.50,24.50,24.50,24.50,24.50,24.50,24.50,24.50,25.43,25.43,25.43,25.43,25.43,25.43,25.43,25.43,25.43,25.43
IE,Ireland,Zone 702,6.02,6.02,6.02,6.02,6.02,6.02,6.02,6.02,6.02,6.02,6.68,6.68,6.83,6.83,6.96,6.96,7.11,7.11,7.26,7.26,8.39,8.39,8.49,8.49,8.62,8.62,8.72,8.72,8.84,8.84,10.05,10.05,10.11,10.11,10.23,10.23,10.35,10.35,10.48,10.48,11.65,11.65,11.81,11.81,11.95,11.95,12.12,12.12,12.25,12.25,12.38,12.38,12.53,12.53,12.59,12.59,12.63,12.63,12.77,12.77,13.13,13.13,13.46,13.46,13.80,13.80,14.04,14.04,14.19,14.19,14.88,14.88,14.88,14.88,14.88,14.88,14.88,14.88,14.88,14.88,15.57,15.57,15.57,15.57,15.57,15.57,15.57,15.57,15.57,15.57,16.26,16.26,16.26,16.26,16.26,16.26,16.26,16.26,16.26,16.26,16.94,16.94,16.94,16.94,16.94,16.94,16.94,16.94,16.94,16.94,17.63,17.63,17.63,17.63,17.63,17.63,17.63,17.63,17.63,17.63,18.32,18.32,18.32,18.32,18.32,18.32,18.32,18.32,18.32,18.32,19.01,19.01,19.01,19.01,19.01,19.01,19.01,19.01,19.01,19.01
IT,Italy,Zone 705,7.42,7.42,7.42,7.42,7.42,7.42,7.42,7.42,7.42,7.42,8.80,8.80,8.96,8.96,9.10,9.10,9.25,9.25,9.40,9.40,11.03,11.03,11.21,11.21,11.39,11.39,11.55,11.55,11.73,11.73,13.37,13.37,13.56,13.56,13.77,13.77,13.95,13.95,14.14,14.14,15.78,15.78,16.00,16.00,16.23,16.23,16.44,16.44,16.66,16.66,16.90,16.90,17.11,17.11,17.34,17.34,17.55,17.55,17.77,17.77,17.99,17.99,18.22,18.22,18.46,18.46,18.67,18.67,18.88,18.88,19.81,19.81,19.81,19.81,19.81,19.81,19.81,19.81,19.81,19.81,20.75,20.75,20.75,20.75,20.75,20.75,20.75,20.75,20.75,20.75,21.69,21.69,21.69,21.69,21.69,21.69,21.69,21.69,21.69,21.69,22.62,22.62,22.62,22.62,22.62,22.62,22.62,22.62,22.62,22.62,23.55,23.55,23.55,23.55,23.55,23.55,23.55,23.55,23.55,23.55,24.50,24.50,24.50,24.50,24.50,24.50,24.50,24.50,24.50,24.50,25.43,25.43,25.43,25.43,25.43,25.43,25.43,25.43,25.43,25.43
LV,Latvia,Zone 751,9.25,9.25,9.25,9.25,9.25,9.25,9.25,9.25,9.25,9.25,9.55,9.55,9.79,9.79,10.04,10.04,10.28,10.28,10.55,10.55,12.38,12.38,12.60,12.60,12.80,12.80,13.01,13.01,13.21,13.21,15.08,15.08,15.32,15.32,15.54,15.54,15.78,15.78,16.03,16.03,17.86,17.86,18.12,18.12,18.38,18.38,18.64,18.64,18.88,18.88,19.15,19.15,19.42,19.42,19.67,19.67,19.93,19.93,20.17,20.17,20.44,20.44,20.69,20.69,20.96,20.96,21.20,21.20,21.47,21.47,22.52,22.52,22.52,22.52,22.52,22.52,22.52,22.52,22.52,22.52,23.58,23.58,23.58,23.58,23.58,23.58,23.58,23.58,23.58,23.58,24.62,24.62,24.62,24.62,24.62,24.62,24.62,24.62,24.62,24.62,25.66,25.66,25.66,25.66,25.66,25.66,25.66,25.66,25.66,25.66,26.72,26.72,26.72,26.72,26.72,26.72,26.72,26.72,26.72,26.72,27.77,27.77,27.77,27.77,27.77,27.77,27.77,27.77,27.77,27.77,28.84,28.84,28.84,28.84,28.84,28.84,28.84,28.84,28.84,28.84
LI,Liechtenstein,Zone 6,11.40,11.40,11.40,11.40,11.40,11.40,11.40,11.40,11.40,11.40,11.40,11.40,11.40,11.40,11.40,11.40,11.40,11.40,11.40,11.40,12.69,12.69,12.84,12.84,13.00,13.00,13.15,13.15,13.31,13.31,17.14,17.14,17.34,17.34,17.53,17.53,17.72,17.72,17.92,17.92,18.20,18.20,18.39,18.39,18.63,18.63,18.81,18.81,19.01,19.01,19.20,19.20,19.41,19.41,19.60,19.60,19.79,19.79,20.00,20.00,20.20,20.20,20.39,20.39,20.63,20.63,20.88,20.88,21.18,21.18,22.30,22.30,22.30,22.30,22.30,22.30,22.30,22.30,22.30,22.30,23.42,23.42,23.42,23.42,23.42,23.42,23.42,23.42,23.42,23.42,24.55,24.55,24.55,24.55,24.55,24.55,24.55,24.55,24.55,24.55,25.66,25.66,25.66,25.66,25.66,25.66,25.66,25.66,25.66,25.66,26.81,26.81,26.81,26.81,26.81,26.81,26.81,26.81,26.81,26.81,27.92,27.92,27.92,27.92,27.92,27.92,27.92,27.92,27.92,27.92,29.05,29.05,29.05,29.05,29.05,29.05,29.05,29.05,29.05,29.05
LT,Lithuania,Zone 751,9.25,9.25,9.25,9.25,9.25,9.25,9.25,9.25,9.25,9.25,9.55,9.55,9.79,9.79,10.04,10.04,10.28,10.28,10.55,10.55,12.38,12.38,12.60,12.60,12.80,12.80,13.01,13.01,13.21,13.21,15.08,15.08,15.32,15.32,15.54,15.54,15.78,15.78,16.03,16.03,17.86,17.86,18.12,18.12,18.38,18.38,18.64,18.64,18.88,18.88,19.15,19.15,19.42,19.42,19.67,19.67,19.93,19.93,20.17,20.17,20.44,20.44,20.69,20.69,20.96,20.96,21.20,21.20,21.47,21.47,22.52,22.52,22.52,22.52,22.52,22.52,22.52,22.52,22.52,22.52,23.58,23.58,23.58,23.58,23.58,23.58,23.58,23.58,23.58,23.58,24.62,24.62,24.62,24.62,24.62,24.62,24.62,24.62,24.62,24.62,25.66,25.66,25.66,25.66,25.66,25.66,25.66,25.66,25.66,25.66,26.72,26.72,26.72,26.72,26.72,26.72,26.72,26.72,26.72,26.72,27.77,27.77,27.77,27.77,27.77,27.77,27.77,27.77,27.77,27.77,28.84,28.84,28.84,28.84,28.84,28.84,28.84,28.84,28.84,28.84
LU,Luxembourg,Zone 703,6.58,6.58,6.58,6.58,6.58,6.58,6.58,6.58,6.58,6.58,7.34,7.34,7.45,7.45,7.56,7.56,7.69,7.69,7.79,7.79,8.75,8.75,8.90,8.90,9.05,9.05,9.21,9.21,9.37,9.37,10.34,10.34,10.50,10.50,10.66,10.66,10.84,10.84,11.01,11.01,12.01,12.01,12.21,12.21,12.40,12.40,12.57,12.57,12.77,12.77,12.95,12.95,13.15,13.15,13.34,13.34,13.53,13.53,13.71,13.71,13.91,13.91,14.09,14.09,14.28,14.28,14.47,14.47,14.66,14.66,15.27,15.27,15.27,15.27,15.27,15.27,15.27,15.27,15.27,15.27,15.86,15.86,15.86,15.86,15.86,15.86,15.86,15.86,15.86,15.86,16.44,16.44,16.44,16.44,16.44,16.44,16.44,16.44,16.44,16.44,17.06,17.06,17.06,17.06,17.06,17.06,17.06,17.06,17.06,17.06,17.65,17.65,17.65,17.65,17.65,17.65,17.65,17.65,17.65,17.65,18.24,18.24,18.24,18.24,18.24,18.24,18.24,18.24,18.24,18.24,18.84,18.84,18.84,18.84,18.84,18.84,18.84,18.84,18.84,18.84
MC,Monaco,Zone 704,7.13,7.13,7.13,7.13,7.13,7.13,7.13,7.13,7.13,7.13,7.97,7.97,8.21,8.21,8.47,8.47,8.72,8.72,8.98,8.98,10.72,10.72,10.84,10.84,10.98,10.98,11.12,11.12,11.27,11.27,12.98,12.98,13.15,13.15,13.30,13.30,13.46,13.46,13.62,13.62,15.38,15.38,15.56,15.56,15.74,15.74,15.92,15.92,16.11,16.11,16.26,16.26,16.46,16.46,16.63,16.63,16.82,16.82,16.99,16.99,17.17,17.17,17.35,17.35,17.52,17.52,17.69,17.69,17.88,17.88,18.62,18.62,18.62,18.62,18.62,18.62,18.62,18.62,18.62,18.62,19.39,19.39,19.39,19.39,19.39,19.39,19.39,19.39,19.39,19.39,20.13,20.13,20.13,20.13,20.13,20.13,20.13,20.13,20.13,20.13,20.89,20.89,20.89,20.89,20.89,20.89,20.89,20.89,20.89,20.89,21.64,21.64,21.64,21.64,21.64,21.64,21.64,21.64,21.64,21.64,22.39,22.39,22.39,22.39,22.39,22.39,22.39,22.39,22.39,22.39,23.14,23.14,23.14,23.14,23.14,23.14,23.14,23.14,23.14,23.14
NL,Netherlands,Zone 703,6.58,6.58,6.58,6.58,6.58,6.58,6.58,6.58,6.58,6.58,7.34,7.34,7.45,7.45,7.56,7.56,7.69,7.69,7.79,7.79,8.75,8.75,8.90,8.90,9.05,9.05,9.21,9.21,9.37,9.37,10.34,10.34,10.50,10.50,10.66,10.66,10.84,10.84,11.01,11.01,12.01,12.01,12.21,12.21,12.40,12.40,12.57,12.57,12.77,12.77,12.95,12.95,13.15,13.15,13.34,13.34,13.53,13.53,13.71,13.71,13.91,13.91,14.09,14.09,14.28,14.28,14.47,14.47,14.66,14.66,15.27,15.27,15.27,15.27,15.27,15.27,15.27,15.27,15.27,15.27,15.86,15.86,15.86,15.86,15.86,15.86,15.86,15.86,15.86,15.86,16.44,16.44,16.44,16.44,16.44,16.44,16.44,16.44,16.44,16.44,17.06,17.06,17.06,17.06,17.06,17.06,17.06,17.06,17.06,17.06,17.65,17.65,17.65,17.65,17.65,17.65,17.65,17.65,17.65,17.65,18.24,18.24,18.24,18.24,18.24,18.24,18.24,18.24,18.24,18.24,18.84,18.84,18.84,18.84,18.84,18.84,18.84,18.84,18.84,18.84
NO,Norway,Zone 751,9.25,9.25,9.25,9.25,9.25,9.25,9.25,9.25,9.25,9.25,9.55,9.55,9.79,9.79,10.04,10.04,10.28,10.28,10.55,10.55,12.38,12.38,12.60,12.60,12.80,12.80,13.01,13.01,13.21,13.21,15.08,15.08,15.32,15.32,15.54,15.54,15.78,15.78,16.03,16.03,17.86,17.86,18.12,18.12,18.38,18.38,18.64,18.64,18.88,18.88,19.15,19.15,19.42,19.42,19.67,19.67,19.93,19.93,20.17,20.17,20.44,20.44,20.69,20.69,20.96,20.96,21.20,21.20,21.47,21.47,22.52,22.52,22.52,22.52,22.52,22.52,22.52,22.52,22.52,22.52,23.58,23.58,23.58,23.58,23.58,23.58,23.58,23.58,23.58,23.58,24.62,24.62,24.62,24.62,24.62,24.62,24.62,24.62,24.62,24.62,25.66,25.66,25.66,25.66,25.66,25.66,25.66,25.66,25.66,25.66,26.72,26.72,26.72,26.72,26.72,26.72,26.72,26.72,26.72,26.72,27.77,27.77,27.77,27.77,27.77,27.77,27.77,27.77,27.77,27.77,28.84,28.84,28.84,28.84,28.84,28.84,28.84,28.84,28.84,28.84
PL,Poland,Zone 705,7.42,7.42,7.42,7.42,7.42,7.42,7.42,7.42,7.42,7.42,8.80,8.80,8.96,8.96,9.10,9.10,9.25,9.25,9.40,9.40,11.03,11.03,11.21,11.21,11.39,11.39,11.55,11.55,11.73,11.73,13.37,13.37,13.56,13.56,13.77,13.77,13.95,13.95,14.14,14.14,15.78,15.78,16.00,16.00,16.23,16.23,16.44,16.44,16.66,16.66,16.90,16.90,17.11,17.11,17.34,17.34,17.55,17.55,17.77,17.77,17.99,17.99,18.22,18.22,18.46,18.46,18.67,18.67,18.88,18.88,19.81,19.81,19.81,19.81,19.81,19.81,19.81,19.81,19.81,19.81,20.75,20.75,20.75,20.75,20.75,20.75,20.75,20.75,20.75,20.75,21.69,21.69,21.69,21.69,21.69,21.69,21.69,21.69,21.69,21.69,22.62,22.62,22.62,22.62,22.62,22.62,22.62,22.62,22.62,22.62,23.55,23.55,23.55,23.55,23.55,23.55,23.55,23.55,23.55,23.55,24.50,24.50,24.50,24.50,24.50,24.50,24.50,24.50,24.50,24.50,25.43,25.43,25.43,25.43,25.43,25.43,25.43,25.43,25.43,25.43
PT,Portugal,Zone 705,7.42,7.42,7.42,7.42,7.42,7.42,7.42,7.42,7.42,7.42,8.80,8.80,8.96,8.96,9.10,9.10,9.25,9.25,9.40,9.40,11.03,11.03,11.21,11.21,11.39,11.39,11.55,11.55,11.73,11.73,13.37,13.37,13.56,13.56,13.77,13.77,13.95,13.95,14.14,14.14,15.78,15.78,16.00,16.00,16.23,16.23,16.44,16.44,16.66,16.66,16.90,16.90,17.11,17.11,17.34,17.34,17.55,17.55,17.77,17.77,17.99,17.99,18.22,18.22,18.46,18.46,18.67,18.67,18.88,18.88,19.81,19.81,19.81,19.81,19.81,19.81,19.81,19.81,19.81,19.81,20.75,20.75,20.75,20.75,20.75,20.75,20.75,20.75,20.75,20.75,21.69,21.69,21.69,21.69,21.69,21.69,21.69,21.69,21.69,21.69,22.62,22.62,22.62,22.62,22.62,22.62,22.62,22.62,22.62,22.62,23.55,23.55,23.55,23.55,23.55,23.55,23.55,23.55,23.55,23.55,24.50,24.50,24.50,24.50,24.50,24.50,24.50,24.50,24.50,24.50,25.43,25.43,25.43,25.43,25.43,25.43,25.43,25.43,25.43,25.43
RO,Romania,Zone 751,9.25,9.25,9.25,9.25,9.25,9.25,9.25,9.25,9.25,9.25,9.55,9.55,9.79,9.79,10.04,10.04,10.28,10.28,10.55,10.55,12.38,12.38,12.60,12.60,12.80,12.80,13.01,13.01,13.21,13.21,15.08,15.08,15.32,15.32,15.54,15.54,15.78,15.78,16.03,16.03,17.86,17.86,18.12,18.12,18.38,18.38,18.64,18.64,18.88,18.88,19.15,19.15,19.42,19.42,19.67,19.67,19.93,19.93,20.17,20.17,20.44,20.44,20.69,20.69,20.96,20.96,21.20,21.20,21.47,21.47,22.52,22.52,22.52,22.52,22.52,22.52,22.52,22.52,22.52,22.52,23.58,23.58,23.58,23.58,23.58,23.58,23.58,23.58,23.58,23.58,24.62,24.62,24.62,24.62,24.62,24.62,24.62,24.62,24.62,24.62,25.66,25.66,25.66,25.66,25.66,25.66,25.66,25.66,25.66,25.66,26.72,26.72,26.72,26.72,26.72,26.72,26.72,26.72,26.72,26.72,27.77,27.77,27.77,27.77,27.77,27.77,27.77,27.77,27.77,27.77,28.84,28.84,28.84,28.84,28.84,28.84,28.84,28.84,28.84,28.84
SM,San Marino,Zone 705,7.42,7.42,7.42,7.42,7.42,7.42,7.42,7.42,7.42,7.42,8.80,8.80,8.96,8.96,9.10,9.10,9.25,9.25,9.40,9.40,11.03,11.03,11.21,11.21,11.39,11.39,11.55,11.55,11.73,11.73,13.37,13.37,13.56,13.56,13.77,13.77,13.95,13.95,14.14,14.14,15.78,15.78,16.00,16.00,16.23,16.23,16.44,16.44,16.66,16.66,16.90,16.90,17.11,17.11,17.34,17.34,17.55,17.55,17.77,17.77,17.99,17.99,18.22,18.22,18.46,18.46,18.67,18.67,18.88,18.88,19.81,19.81,19.81,19.81,19.81,19.81,19.81,19.81,19.81,19.81,20.75,20.75,20.75,20.75,20.75,20.75,20.75,20.75,20.75,20.75,21.69,21.69,21.69,21.69,21.69,21.69,21.69,21.69,21.69,21.69,22.62,22.62,22.62,22.62,22.62,22.62,22.62,22.62,22.62,22.62,23.55,23.55,23.55,23.55,23.55,23.55,23.55,23.55,23.55,23.55,24.50,24.50,24.50,24.50,24.50,24.50,24.50,24.50,24.50,24.50,25.43,25.43,25.43,25.43,25.43,25.43,25.43,25.43,25.43,25.43
SK,Slovakia,Zone 705,7.42,7.42,7.42,7.42,7.42,7.42,7.42,7.42,7.42,7.42,8.80,8.80,8.96,8.96,9.10,9.10,9.25,9.25,9.40,9.40,11.03,11.03,11.21,11.21,11.39,11.39,11.55,11.55,11.73,11.73,13.37,13.37,13.56,13.56,13.77,13.77,13.95,13.95,14.14,14.14,15.78,15.78,16.00,16.00,16.23,16.23,16.44,16.44,16.66,16.66,16.90,16.90,17.11,17.11,17.34,17.34,17.55,17.55,17.77,17.77,17.99,17.99,18.22,18.22,18.46,18.46,18.67,18.67,18.88,18.88,19.81,19.81,19.81,19.81,19.81,19.81,19.81,19.81,19.81,19.81,20.75,20.75,20.75,20.75,20.75,20.75,20.75,20.75,20.75,20.75,21.69,21.69,21.69,21.69,21.69,21.69,21.69,21.69,21.69,21.69,22.62,22.62,22.62,22.62,22.62,22.62,22.62,22.62,22.62,22.62,23.55,23.55,23.55,23.55,23.55,23.55,23.55,23.55,23.55,23.55,24.50,24.50,24.50,24.50,24.50,24.50,24.50,24.50,24.50,24.50,25.43,25.43,25.43,25.43,25.43,25.43,25.43,25.43,25.43,25.43
SI,Slovenia,Zone 705,7.42,7.42,7.42,7.42,7.42,7.42,7.42,7.42,7.42,7.42,8.80,8.80,8.96,8.96,9.10,9.10,9.25,9.25,9.40,9.40,11.03,11.03,11.21,11.21,11.39,11.39,11.55,11.55,11.73,11.73,13.37,13.37,13.56,13.56,13.77,13.77,13.95,13.95,14.14,14.14,15.78,15.78,16.00,16.00,16.23,16.23,16.44,16.44,16.66,16.66,16.90,16.90,17.11,17.11,17.34,17.34,17.55,17.55,17.77,17.77,17.99,17.99,18.22,18.22,18.46,18.46,18.67,18.67,18.88,18.88,19.81,19.81,19.81,19.81,19.81,19.81,19.81,19.81,19.81,19.81,20.75,20.75,20.75,20.75,20.75,20.75,20.75,20.75,20.75,20.75,21.69,21.69,21.69,21.69,21.69,21.69,21.69,21.69,21.69,21.69,22.62,22.62,22.62,22.62,22.62,22.62,22.62,22.62,22.62,22.62,23.55,23.55,23.55,23.55,23.55,23.55,23.55,23.55,23.55,23.55,24.50,24.50,24.50,24.50,24.50,24.50,24.50,24.50,24.50,24.50,25.43,25.43,25.43,25.43,25.43,25.43,25.43,25.43,25.43,25.43
ES,Spain,Zone 705,7.42,7.42,7.42,7.42,7.42,7.42,7.42,7.42,7.42,7.42,8.80,8.80,8.96,8.96,9.10,9.10,9.25,9.25,9.40,9.40,11.03,11.03,11.21,11.21,11.39,11.39,11.55,11.55,11.73,11.73,13.37,13.37,13.56,13.56,13.77,13.77,13.95,13.95,14.14,14.14,15.78,15.78,16.00,16.00,16.23,16.23,16.44,16.44,16.66,16.66,16.90,16.90,17.11,17.11,17.34,17.34,17.55,17.55,17.77,17.77,17.99,17.99,18.22,18.22,18.46,18.46,18.67,18.67,18.88,18.88,19.81,19.81,19.81,19.81,19.81,19.81,19.81,19.81,19.81,19.81,20.75,20.75,20.75,20.75,20.75,20.75,20.75,20.75,20.75,20.75,21.69,21.69,21.69,21.69,21.69,21.69,21.69,21.69,21.69,21.69,22.62,22.62,22.62,22.62,22.62,22.62,22.62,22.62,22.62,22.62,23.55,23.55,23.55,23.55,23.55,23.55,23.55,23.55,23.55,23.55,24.50,24.50,24.50,24.50,24.50,24.50,24.50,24.50,24.50,24.50,25.43,25.43,25.43,25.43,25.43,25.43,25.43,25.43,25.43,25.43
SE,Sweden,Zone 705,7.42,7.42,7.42,7.42,7.42,7.42,7.42,7.42,7.42,7.42,8.80,8.80,8.96,8.96,9.10,9.10,9.25,9.25,9.40,9.40,11.03,11.03,11.21,11.21,11.39,11.39,11.55,11.55,11.73,11.73,13.37,13.37,13.56,13.56,13.77,13.77,13.95,13.95,14.14,14.14,15.78,15.78,16.00,16.00,16.23,16.23,16.44,16.44,16.66,16.66,16.90,16.90,17.11,17.11,17.34,17.34,17.55,17.55,17.77,17.77,17.99,17.99,18.22,18.22,18.46,18.46,18.67,18.67,18.88,18.88,19.81,19.81,19.81,19.81,19.81,19.81,19.81,19.81,19.81,19.81,20.75,20.75,20.75,20.75,20.75,20.75,20.75,20.75,20.75,20.75,21.69,21.69,21.69,21.69,21.69,21.69,21.69,21.69,21.69,21.69,22.62,22.62,22.62,22.62,22.62,22.62,22.62,22.62,22.62,22.62,23.55,23.55,23.55,23.55,23.55,23.55,23.55,23.55,23.55,23.55,24.50,24.50,24.50,24.50,24.50,24.50,24.50,24.50,24.50,24.50,25.43,25.43,25.43,25.43,25.43,25.43,25.43,25.43,25.43,25.43
CH,Switzerland,Zone 6,11.40,11.40,11.40,11.40,11.40,11.40,11.40,11.40,11.40,11.40,11.40,11.40,11.40,11.40,11.40,11.40,11.40,11.40,11.40,11.40,12.69,12.69,12.84,12.84,13.00,13.00,13.15,13.15,13.31,13.31,17.14,17.14,17.34,17.34,17.53,17.53,17.72,17.72,17.92,17.92,18.20,18.20,18.39,18.39,18.63,18.63,18.81,18.81,19.01,19.01,19.20,19.20,19.41,19.41,19.60,19.60,19.79,19.79,20.00,20.00,20.20,20.20,20.39,20.39,20.63,20.63,20.88,20.88,21.18,21.18,22.30,22.30,22.30,22.30,22.30,22.30,22.30,22.30,22.30,22.30,23.42,23.42,23.42,23.42,23.42,23.42,23.42,23.42,23.42,23.42,24.55,24.55,24.55,24.55,24.55,24.55,24.55,24.55,24.55,24.55,25.66,25.66,25.66,25.66,25.66,25.66,25.66,25.66,25.66,25.66,26.81,26.81,26.81,26.81,26.81,26.81,26.81,26.81,26.81,26.81,27.92,27.92,27.92,27.92,27.92,27.92,27.92,27.92,27.92,27.92,29.05,29.05,29.05,29.05,29.05,29.05,29.05,29.05,29.05,29.05
GB,United Kingdom,Zone 1,3.18,3.18,3.18,3.18,3.18,3.18,3.18,3.18,3.18,3.18,3.52,3.52,3.52,3.52,3.52,3.52,3.52,3.52,3.52,3.52,4.05,4.05,4.05,4.05,4.05,4.05,4.05,4.05,4.05,4.05,4.56,4.56,4.56,4.56,4.56,4.56,4.56,4.56,4.56,4.56,5.11,5.11,5.11,5.11,5.11,5.11,5.11,5.11,5.11,5.11,5.66,5.66,5.66,5.66,5.66,5.66,5.66,5.66,5.66,5.66,6.18,6.18,6.18,6.18,6.18,6.18,6.18,6.18,6.18,6.18,6.86,6.86,6.86,6.86,6.86,6.86,6.86,6.86,6.86,6.86,7.53,7.53,7.53,7.53,7.53,7.53,7.53,7.53,7.53,7.53,8.22,8.22,8.22,8.22,8.22,8.22,8.22,8.22,8.22,8.22,8.90,8.90,8.90,8.90,8.90,8.90,8.90,8.90,8.90,8.90,9.58,9.58,9.58,9.58,9.58,9.58,9.58,9.58,9.58,9.58,10.27,10.27,10.27,10.27,10.27,10.27,10.27,10.27,10.27,10.27,10.96,10.96,10.96,10.96,10.96,10.96,10.96,10.96,10.96,10.96
VA,Vatican City,Zone 705,7.42,7.42,7.42,7.42,7.42,7.42,7.42,7.42,7.42,7.42,8.80,8.80,8.96,8.96,9.10,9.10,9.25,9.25,9.40,9.40,11.03,11.03,11.21,11.21,11.39,11.39,11.55,11.55,11.73,11.73,13.37,13.37,13.56,13.56,13.77,13.77,13.95,13.95,14.14,14.14,15.78,15.78,16.00,16.00,16.23,16.23,16.44,16.44,16.66,16.66,16.90,16.90,17.11,17.11,17.34,17.34,17.55,17.55,17.77,17.77,17.99,17.99,18.22,18.22,18.46,18.46,18.67,18.67,18.88,18.88,19.81,19.81,19.81,19.81,19.81,19.81,19.81,19.81,19.81,19.81,20.75,20.75,20.75,20.75,20.75,20.75,20.75,20.75,20.75,20.75,21.69,21.69,21.69,21.69,21.69,21.69,21.69,21.69,21.69,21.69,22.62,22.62,22.62,22.62,22.62,22.62,22.62,22.62,22.62,22.62,23.55,23.55,23.55,23.55,23.55,23.55,23.55,23.55,23.55,23.55,24.50,24.50,24.50,24.50,24.50,24.50,24.50,24.50,24.50,24.50,25.43,25.43,25.43,25.43,25.43,25.43,25.43,25.43,25.43,25.43
